{"cameraMode":{"drawMode":0,"name":"Shaded","section":"Shading Mode"},"sceneLighting":true,"audioPlay":false,"sceneViewState":{"showFog":true,"showMaterialUpdate":false,"showSkybox":true,"showFlares":true,"showImageEffects":true,"showParticleSystems":true},"in2DMode":false,"pivot":{"x":0.2105712890625,"y":1.2247368097305298,"z":0.4827502369880676},"rotation":{"x":0.15794779360294343,"y":0.1999354064464569,"z":-0.03267586976289749,"w":0.9664422273635864},"size":1.9338129758834839,"orthographic":true}