{"cameraMode":{"drawMode":0,"name":"Shaded","section":"Shading Mode"},"sceneLighting":false,"audioPlay":false,"sceneViewState":{"showFog":true,"showMaterialUpdate":false,"showSkybox":false,"showFlares":true,"showImageEffects":true,"showParticleSystems":true},"in2DMode":false,"pivot":{"x":-4.989999771118164,"y":2.010000228881836,"z":0.01999950408935547},"rotation":{"x":-0.06885761022567749,"y":0.6941295266151428,"z":-0.06714128702878952,"w":-0.713563859462738},"size":5.435370922088623,"orthographic":false}