{"cameraMode":{"drawMode":0,"name":"Shaded","section":"Shading Mode"},"sceneLighting":false,"audioPlay":false,"sceneViewState":{"showFog":true,"showMaterialUpdate":false,"showSkybox":false,"showFlares":true,"showImageEffects":true,"showParticleSystems":true},"in2DMode":false,"pivot":{"x":-4.989999771118164,"y":2.010000228881836,"z":0.01999950408935547},"rotation":{"x":-0.028797052800655366,"y":0.969620406627655,"z":-0.14392827451229096,"w":-0.19576379656791688},"size":5.435370922088623,"orthographic":false}