{"cameraMode":{"drawMode":0,"name":"Shaded","section":"Shading Mode"},"sceneLighting":true,"audioPlay":false,"sceneViewState":{"showFog":true,"showMaterialUpdate":false,"showSkybox":true,"showFlares":true,"showImageEffects":true,"showParticleSystems":true},"in2DMode":false,"pivot":{"x":-3.739396572113037,"y":-1.5025229454040528,"z":-1.6653742790222169},"rotation":{"x":-0.11317707598209381,"y":0.8749996423721314,"z":-0.24822868406772614,"w":-0.3999744653701782},"size":6.826147079467773,"orthographic":false}