{"cameraMode":{"drawMode":0,"name":"Shaded","section":"Shading Mode"},"sceneLighting":false,"audioPlay":false,"sceneViewState":{"showFog":true,"showMaterialUpdate":false,"showSkybox":false,"showFlares":true,"showImageEffects":true,"showParticleSystems":true},"in2DMode":false,"pivot":{"x":0.05129045248031616,"y":0.4077829122543335,"z":-0.04250633716583252},"rotation":{"x":-0.010922187007963658,"y":0.4625932574272156,"z":-0.005681145936250687,"w":-0.8865992426872253},"size":0.6201455593109131,"orthographic":false}