{"cameraMode":{"drawMode":0,"name":"Shaded","section":"Shading Mode"},"sceneLighting":true,"audioPlay":false,"sceneViewState":{"showFog":true,"showMaterialUpdate":false,"showSkybox":true,"showFlares":true,"showImageEffects":true,"showParticleSystems":true},"in2DMode":false,"pivot":{"x":-4.1788225173950199,"y":-2.4624056816101076,"z":11.35635757446289},"rotation":{"x":-0.14169730246067048,"y":0.16898088157176972,"z":-0.024556828662753106,"w":-0.975072979927063},"size":10.0,"orthographic":false}