{"cameraMode":{"drawMode":0,"name":"Shaded","section":"Shading Mode"},"sceneLighting":true,"audioPlay":false,"sceneViewState":{"showFog":true,"showMaterialUpdate":false,"showSkybox":true,"showFlares":true,"showImageEffects":true,"showParticleSystems":true},"in2DMode":false,"pivot":{"x":-16.889713287353517,"y":-5.629518032073975,"z":1.9010697603225709},"rotation":{"x":-0.16483210027217866,"y":0.6255362033843994,"z":-0.1374608725309372,"w":-0.7500970959663391},"size":10.0,"orthographic":false}