{"cameraMode":{"drawMode":0,"name":"Shaded","section":"Shading Mode"},"sceneLighting":true,"audioPlay":false,"sceneViewState":{"showFog":true,"showMaterialUpdate":false,"showSkybox":true,"showFlares":true,"showImageEffects":true,"showParticleSystems":true},"in2DMode":false,"pivot":{"x":-2.2172820568084719,"y":1.3362407684326172,"z":1.9627177715301514},"rotation":{"x":0.030906178057193757,"y":-0.45325198769569399,"z":0.016005858778953553,"w":0.8907358050346375},"size":1.556494951248169,"orthographic":false}