{"cameraMode":{"drawMode":0,"name":"Shaded","section":"Shading Mode"},"sceneLighting":true,"audioPlay":false,"sceneViewState":{"showFog":true,"showMaterialUpdate":false,"showSkybox":true,"showFlares":true,"showImageEffects":true,"showParticleSystems":true},"in2DMode":false,"pivot":{"x":-6.798740386962891,"y":-0.1258687973022461,"z":-3.678168296813965},"rotation":{"x":-0.09805328398942948,"y":0.8519911170005798,"z":-0.17259640991687776,"w":-0.4846780598163605},"size":11.720589637756348,"orthographic":false}