{"cameraMode":{"drawMode":0,"name":"Shaded","section":"Shading Mode"},"sceneLighting":false,"audioPlay":false,"sceneViewState":{"showFog":true,"showMaterialUpdate":false,"showSkybox":false,"showFlares":true,"showImageEffects":true,"showParticleSystems":true},"in2DMode":false,"pivot":{"x":0.19999980926513673,"y":0.5099999904632568,"z":-3.0},"rotation":{"x":-0.10663817822933197,"y":0.6716343760490418,"z":-0.09870760887861252,"w":-0.7266348600387573},"size":3.2983362674713136,"orthographic":false}